[
    {
        "id": "4531",
        "name": "Commander Legends: Battle for Baldur's Gate Collector Booster Box",
        "brand": "Magic: The Gathering",
        "stock": 67,
        "price": "185.000",
        "image": "https://www.magicsur.cl/22550-thickbox_default/mtg-caja-de-collector-booster-commander-legends-battle-for-baldurs-gate.jpg",
        "desc": "Embárcate en una aventura de Dungeons & Dragons con esta caja de booster coleccionista. Contiene cartas con tratamiento especial, foils espectaculares y criaturas legendarias únicas del universo de Faerûn.",
        "category": "TCG"
    },
    {
        "id": "4532",
        "name": "Modern Horizons 2 Draft Booster Box",
        "stock": 5,
        "brand": "Magic: The Gathering",
        "price": "275.000",
        "image": "https://www.magicsur.cl/16386-large_default/preventa-mtg-draft-booster-modern-horizons-2-promo-buy-a-box-ingles.jpg",
        "desc": "Revoluciona el formato Modern con esta caja de booster draft. Incluye mecánicas innovadoras, reimpresiones muy solicitadas y poderosas cartas nuevas diseñadas específicamente para jugadores competitivos.",
        "category": "TCG"
    },
    {
        "id": "4533",
        "name": "Kamigawa: Neon Dynasty Set Booster Box",
        "stock": 2,
        "brand": "Magic: The Gathering",
        "price": "145.000",
        "image": "https://media.wizards.com/2022/images/daily/en_7nweybEBsy.png",
        "desc": "Experimenta la fusión única de tradición y tecnología futurista en Kamigawa. Esta caja de set boosters ofrece una experiencia de apertura optimizada con arte inspirador y cartas de alta rareza.",
        "category": "TCG"
    },
    {
        "id": "4534",
        "name": "Unfinity Collector Booster Box",
        "stock": 10,
        "brand": "Magic: The Gathering",
        "price": "165.000",
        "image": "https://cdnx.jumpseller.com/magic4ever/image/26668391/MTGUNF_EN_BstrDspBx_Clctr_01_02.png?1665083790",
        "desc": "Diviértete en el espacio con esta caja de booster coleccionista llena de locura cósmica. Incluye cartas acuarela, foils galácticos y tratamientos especiales únicos en el universo de Magic.",
        "category": "TCG"
    },
    {
        "id": "4535",
        "name": "Dominaria United Draft Booster Box",
        "stock": 1,
        "brand": "Magic: The Gathering",
        "price": "135.000",
        "image": "https://m.media-amazon.com/images/I/71eEe3OAuhL._UF350,350_QL80_.jpg",
        "desc": "Regresa al plano natal de Magic con esta caja de booster draft. Descubre la rica historia de Dominaria, poderosos hechizos legendarios y mecánicas clásicas renovadas para el juego moderno.",
        "category": "TCG"
    },
    {
        "id": "4536",
        "name": "The Brothers' War Collector Booster Box",
        "stock": 9,
        "brand": "Magic: The Gathering",
        "price": "195.000",
        "image": "https://www.magicsur.cl/24024-large_default/mtg-caja-de-collector-booster-the-brothers-war-buy-a-box.jpg",
        "desc": "Revive la guerra épica entre Urza y Mishra con esta caja de booster coleccionista. Contiene cartas con arte schematic, bordes retro, foils prístinos y piezas de colección únicas de esta guerra legendaria.",
        "category": "TCG"
    },
    {
        "id": "3224",
        "name": "Protectores Dual Matte",
        "stock": 0,
        "brand": "Dragon Shield",
        "price": "13.990",
        "image": "https://collectorcenter.cl/cdn/shop/files/dragon-shield-sleeves-standard-size-matte-dual-100_87d15f1c-7eab-47ba-9eef-939ff74cee58.png?v=1742313517",
        "desc": "",
        "category": "Accesorios"
    },
    {
        "id": "3200",
        "name": "Catan",
        "stock": 2,
        "brand": "Devir",
        "price": "35.990",
        "image": "https://devirinvestments.s3.eu-west-1.amazonaws.com/img/catalog/product/8436017220100-1200-frontflat.jpg",
        "desc": "",
        "category": "Juegos De Mesa"
    }
]